,Id,SalePrice
0,1461,180930.3947909527
1,1462,180930.3947909527
2,1463,180930.3947909527
3,1464,180930.3947909527
4,1465,180930.3947909527
5,1466,180930.3947909527
6,1467,180930.3947909527
7,1468,180930.3947909527
8,1469,180930.3947909527
9,1470,180930.3947909527
10,1471,180930.3947909527
11,1472,180930.3947909527
12,1473,180930.3947909527
13,1474,180930.3947909527
14,1475,180930.3947909527
15,1476,180930.3947909527
16,1477,180930.3947909527
17,1478,180930.3947909527
18,1479,180930.3947909527
19,1480,180930.3947909527
20,1481,180930.3947909527
21,1482,180930.3947909527
22,1483,180930.3947909527
23,1484,180930.3947909527
24,1485,180930.3947909527
25,1486,180930.3947909527
26,1487,180930.3947909527
27,1488,180930.3947909527
28,1489,180930.3947909527
29,1490,180930.3947909527
30,1491,180930.3947909527
31,1492,180930.3947909527
32,1493,180930.3947909527
33,1494,180930.3947909527
34,1495,180930.3947909527
35,1496,180930.3947909527
36,1497,180930.3947909527
37,1498,180930.3947909527
38,1499,180930.3947909527
39,1500,180930.3947909527
40,1501,180930.3947909527
41,1502,180930.3947909527
42,1503,180930.3947909527
43,1504,180930.3947909527
44,1505,180930.3947909527
45,1506,180930.3947909527
46,1507,180930.3947909527
47,1508,180930.3947909527
48,1509,180930.3947909527
49,1510,180930.3947909527
50,1511,180930.3947909527
51,1512,180930.3947909527
52,1513,180930.3947909527
53,1514,180930.3947909527
54,1515,180930.3947909527
55,1516,180930.3947909527
56,1517,180930.3947909527
57,1518,180930.3947909527
58,1519,180930.3947909527
59,1520,180930.3947909527
60,1521,180930.3947909527
61,1522,180930.3947909527
62,1523,180930.3947909527
63,1524,180930.3947909527
64,1525,180930.3947909527
65,1526,180930.3947909527
66,1527,180930.3947909527
67,1528,180930.3947909527
68,1529,180930.3947909527
69,1530,180930.3947909527
70,1531,180930.3947909527
71,1532,180930.3947909527
72,1533,180930.3947909527
73,1534,180930.3947909527
74,1535,180930.3947909527
75,1536,180930.3947909527
76,1537,180930.3947909527
77,1538,180930.3947909527
78,1539,180930.3947909527
79,1540,180930.3947909527
80,1541,180930.3947909527
81,1542,180930.3947909527
82,1543,180930.3947909527
83,1544,180930.3947909527
84,1545,180930.3947909527
85,1546,180930.3947909527
86,1547,180930.3947909527
87,1548,180930.3947909527
88,1549,180930.3947909527
89,1550,180930.3947909527
90,1551,180930.3947909527
91,1552,180930.3947909527
92,1553,180930.3947909527
93,1554,180930.3947909527
94,1555,180930.3947909527
95,1556,180930.3947909527
96,1557,180930.3947909527
97,1558,180930.3947909527
98,1559,180930.3947909527
99,1560,180930.3947909527
100,1561,180930.3947909527
101,1562,180930.3947909527
102,1563,180930.3947909527
103,1564,180930.3947909527
104,1565,180930.3947909527
105,1566,180930.3947909527
106,1567,180930.3947909527
107,1568,180930.3947909527
108,1569,180930.3947909527
109,1570,180930.3947909527
110,1571,180930.3947909527
111,1572,180930.3947909527
112,1573,180930.3947909527
113,1574,180930.3947909527
114,1575,180930.3947909527
115,1576,180930.3947909527
116,1577,180930.3947909527
117,1578,180930.3947909527
118,1579,180930.3947909527
119,1580,180930.3947909527
120,1581,180930.3947909527
121,1582,180930.3947909527
122,1583,180930.3947909527
123,1584,180930.3947909527
124,1585,180930.3947909527
125,1586,180930.3947909527
126,1587,180930.3947909527
127,1588,180930.3947909527
128,1589,180930.3947909527
129,1590,180930.3947909527
130,1591,180930.3947909527
131,1592,180930.3947909527
132,1593,180930.3947909527
133,1594,180930.3947909527
134,1595,180930.3947909527
135,1596,180930.3947909527
136,1597,180930.3947909527
137,1598,180930.3947909527
138,1599,180930.3947909527
139,1600,180930.3947909527
140,1601,180930.3947909527
141,1602,180930.3947909527
142,1603,180930.3947909527
143,1604,180930.3947909527
144,1605,180930.3947909527
145,1606,180930.3947909527
146,1607,180930.3947909527
147,1608,180930.3947909527
148,1609,180930.3947909527
149,1610,180930.3947909527
150,1611,180930.3947909527
151,1612,180930.3947909527
152,1613,180930.3947909527
153,1614,180930.3947909527
154,1615,180930.3947909527
155,1616,180930.3947909527
156,1617,180930.3947909527
157,1618,180930.3947909527
158,1619,180930.3947909527
159,1620,180930.3947909527
160,1621,180930.3947909527
161,1622,180930.3947909527
162,1623,180930.3947909527
163,1624,180930.3947909527
164,1625,180930.3947909527
165,1626,180930.3947909527
166,1627,180930.3947909527
167,1628,180930.3947909527
168,1629,180930.3947909527
169,1630,180930.3947909527
170,1631,180930.3947909527
171,1632,180930.3947909527
172,1633,180930.3947909527
173,1634,180930.3947909527
174,1635,180930.3947909527
175,1636,180930.3947909527
176,1637,180930.3947909527
177,1638,180930.3947909527
178,1639,180930.3947909527
179,1640,180930.3947909527
180,1641,180930.3947909527
181,1642,180930.3947909527
182,1643,180930.3947909527
183,1644,180930.3947909527
184,1645,180930.3947909527
185,1646,180930.3947909527
186,1647,180930.3947909527
187,1648,180930.3947909527
188,1649,180930.3947909527
189,1650,180930.3947909527
190,1651,180930.3947909527
191,1652,180930.3947909527
192,1653,180930.3947909527
193,1654,180930.3947909527
194,1655,180930.3947909527
195,1656,180930.3947909527
196,1657,180930.3947909527
197,1658,180930.3947909527
198,1659,180930.3947909527
199,1660,180930.3947909527
200,1661,180930.3947909527
201,1662,180930.3947909527
202,1663,180930.3947909527
203,1664,180930.3947909527
204,1665,180930.3947909527
205,1666,180930.3947909527
206,1667,180930.3947909527
207,1668,180930.3947909527
208,1669,180930.3947909527
209,1670,180930.3947909527
210,1671,180930.3947909527
211,1672,180930.3947909527
212,1673,180930.3947909527
213,1674,180930.3947909527
214,1675,180930.3947909527
215,1676,180930.3947909527
216,1677,180930.3947909527
217,1678,180930.3947909527
218,1679,180930.3947909527
219,1680,180930.3947909527
220,1681,180930.3947909527
221,1682,180930.3947909527
222,1683,180930.3947909527
223,1684,180930.3947909527
224,1685,180930.3947909527
225,1686,180930.3947909527
226,1687,180930.3947909527
227,1688,180930.3947909527
228,1689,180930.3947909527
229,1690,180930.3947909527
230,1691,180930.3947909527
231,1692,180930.3947909527
232,1693,180930.3947909527
233,1694,180930.3947909527
234,1695,180930.3947909527
235,1696,180930.3947909527
236,1697,180930.3947909527
237,1698,180930.3947909527
238,1699,180930.3947909527
239,1700,180930.3947909527
240,1701,180930.3947909527
241,1702,180930.3947909527
242,1703,180930.3947909527
243,1704,180930.3947909527
244,1705,180930.3947909527
245,1706,180930.3947909527
246,1707,180930.3947909527
247,1708,180930.3947909527
248,1709,180930.3947909527
249,1710,180930.3947909527
250,1711,180930.3947909527
251,1712,180930.3947909527
252,1713,180930.3947909527
253,1714,180930.3947909527
254,1715,180930.3947909527
255,1716,180930.3947909527
256,1717,180930.3947909527
257,1718,180930.3947909527
258,1719,180930.3947909527
259,1720,180930.3947909527
260,1721,180930.3947909527
261,1722,180930.3947909527
262,1723,180930.3947909527
263,1724,180930.3947909527
264,1725,180930.3947909527
265,1726,180930.3947909527
266,1727,180930.3947909527
267,1728,180930.3947909527
268,1729,180930.3947909527
269,1730,180930.3947909527
270,1731,180930.3947909527
271,1732,180930.3947909527
272,1733,180930.3947909527
273,1734,180930.3947909527
274,1735,180930.3947909527
275,1736,180930.3947909527
276,1737,180930.3947909527
277,1738,180930.3947909527
278,1739,180930.3947909527
279,1740,180930.3947909527
280,1741,180930.3947909527
281,1742,180930.3947909527
282,1743,180930.3947909527
283,1744,180930.3947909527
284,1745,180930.3947909527
285,1746,180930.3947909527
286,1747,180930.3947909527
287,1748,180930.3947909527
288,1749,180930.3947909527
289,1750,180930.3947909527
290,1751,180930.3947909527
291,1752,180930.3947909527
292,1753,180930.3947909527
293,1754,180930.3947909527
294,1755,180930.3947909527
295,1756,180930.3947909527
296,1757,180930.3947909527
297,1758,180930.3947909527
298,1759,180930.3947909527
299,1760,180930.3947909527
300,1761,180930.3947909527
301,1762,180930.3947909527
302,1763,180930.3947909527
303,1764,180930.3947909527
304,1765,180930.3947909527
305,1766,180930.3947909527
306,1767,180930.3947909527
307,1768,180930.3947909527
308,1769,180930.3947909527
309,1770,180930.3947909527
310,1771,180930.3947909527
311,1772,180930.3947909527
312,1773,180930.3947909527
313,1774,180930.3947909527
314,1775,180930.3947909527
315,1776,180930.3947909527
316,1777,180930.3947909527
317,1778,180930.3947909527
318,1779,180930.3947909527
319,1780,180930.3947909527
320,1781,180930.3947909527
321,1782,180930.3947909527
322,1783,180930.3947909527
323,1784,180930.3947909527
324,1785,180930.3947909527
325,1786,180930.3947909527
326,1787,180930.3947909527
327,1788,180930.3947909527
328,1789,180930.3947909527
329,1790,180930.3947909527
330,1791,180930.3947909527
331,1792,180930.3947909527
332,1793,180930.3947909527
333,1794,180930.3947909527
334,1795,180930.3947909527
335,1796,180930.3947909527
336,1797,180930.3947909527
337,1798,180930.3947909527
338,1799,180930.3947909527
339,1800,180930.3947909527
340,1801,180930.3947909527
341,1802,180930.3947909527
342,1803,180930.3947909527
343,1804,180930.3947909527
344,1805,180930.3947909527
345,1806,180930.3947909527
346,1807,180930.3947909527
347,1808,180930.3947909527
348,1809,180930.3947909527
349,1810,180930.3947909527
350,1811,180930.3947909527
351,1812,180930.3947909527
352,1813,180930.3947909527
353,1814,180930.3947909527
354,1815,180930.3947909527
355,1816,180930.3947909527
356,1817,180930.3947909527
357,1818,180930.3947909527
358,1819,180930.3947909527
359,1820,180930.3947909527
360,1821,180930.3947909527
361,1822,180930.3947909527
362,1823,180930.3947909527
363,1824,180930.3947909527
364,1825,180930.3947909527
365,1826,180930.3947909527
366,1827,180930.3947909527
367,1828,180930.3947909527
368,1829,180930.3947909527
369,1830,180930.3947909527
370,1831,180930.3947909527
371,1832,180930.3947909527
372,1833,180930.3947909527
373,1834,180930.3947909527
374,1835,180930.3947909527
375,1836,180930.3947909527
376,1837,180930.3947909527
377,1838,180930.3947909527
378,1839,180930.3947909527
379,1840,180930.3947909527
380,1841,180930.3947909527
381,1842,180930.3947909527
382,1843,180930.3947909527
383,1844,180930.3947909527
384,1845,180930.3947909527
385,1846,180930.3947909527
386,1847,180930.3947909527
387,1848,180930.3947909527
388,1849,180930.3947909527
389,1850,180930.3947909527
390,1851,180930.3947909527
391,1852,180930.3947909527
392,1853,180930.3947909527
393,1854,180930.3947909527
394,1855,180930.3947909527
395,1856,180930.3947909527
396,1857,180930.3947909527
397,1858,180930.3947909527
398,1859,180930.3947909527
399,1860,180930.3947909527
400,1861,180930.3947909527
401,1862,180930.3947909527
402,1863,180930.3947909527
403,1864,180930.3947909527
404,1865,180930.3947909527
405,1866,180930.3947909527
406,1867,180930.3947909527
407,1868,180930.3947909527
408,1869,180930.3947909527
409,1870,180930.3947909527
410,1871,180930.3947909527
411,1872,180930.3947909527
412,1873,180930.3947909527
413,1874,180930.3947909527
414,1875,180930.3947909527
415,1876,180930.3947909527
416,1877,180930.3947909527
417,1878,180930.3947909527
418,1879,180930.3947909527
419,1880,180930.3947909527
420,1881,180930.3947909527
421,1882,180930.3947909527
422,1883,180930.3947909527
423,1884,180930.3947909527
424,1885,180930.3947909527
425,1886,180930.3947909527
426,1887,180930.3947909527
427,1888,180930.3947909527
428,1889,180930.3947909527
429,1890,180930.3947909527
430,1891,180930.3947909527
431,1892,180930.3947909527
432,1893,180930.3947909527
433,1894,180930.3947909527
434,1895,180930.3947909527
435,1896,180930.3947909527
436,1897,180930.3947909527
437,1898,180930.3947909527
438,1899,180930.3947909527
439,1900,180930.3947909527
440,1901,180930.3947909527
441,1902,180930.3947909527
442,1903,180930.3947909527
443,1904,180930.3947909527
444,1905,180930.3947909527
445,1906,180930.3947909527
446,1907,180930.3947909527
447,1908,180930.3947909527
448,1909,180930.3947909527
449,1910,180930.3947909527
450,1911,180930.3947909527
451,1912,180930.3947909527
452,1913,180930.3947909527
453,1914,180930.3947909527
454,1915,180930.3947909527
455,1916,180930.3947909527
456,1917,180930.3947909527
457,1918,180930.3947909527
458,1919,180930.3947909527
459,1920,180930.3947909527
460,1921,180930.3947909527
461,1922,180930.3947909527
462,1923,180930.3947909527
463,1924,180930.3947909527
464,1925,180930.3947909527
465,1926,180930.3947909527
466,1927,180930.3947909527
467,1928,180930.3947909527
468,1929,180930.3947909527
469,1930,180930.3947909527
470,1931,180930.3947909527
471,1932,180930.3947909527
472,1933,180930.3947909527
473,1934,180930.3947909527
474,1935,180930.3947909527
475,1936,180930.3947909527
476,1937,180930.3947909527
477,1938,180930.3947909527
478,1939,180930.3947909527
479,1940,180930.3947909527
480,1941,180930.3947909527
481,1942,180930.3947909527
482,1943,180930.3947909527
483,1944,180930.3947909527
484,1945,180930.3947909527
485,1946,180930.3947909527
486,1947,180930.3947909527
487,1948,180930.3947909527
488,1949,180930.3947909527
489,1950,180930.3947909527
490,1951,180930.3947909527
491,1952,180930.3947909527
492,1953,180930.3947909527
493,1954,180930.3947909527
494,1955,180930.3947909527
495,1956,180930.3947909527
496,1957,180930.3947909527
497,1958,180930.3947909527
498,1959,180930.3947909527
499,1960,180930.3947909527
500,1961,180930.3947909527
501,1962,180930.3947909527
502,1963,180930.3947909527
503,1964,180930.3947909527
504,1965,180930.3947909527
505,1966,180930.3947909527
506,1967,180930.3947909527
507,1968,180930.3947909527
508,1969,180930.3947909527
509,1970,180930.3947909527
510,1971,180930.3947909527
511,1972,180930.3947909527
512,1973,180930.3947909527
513,1974,180930.3947909527
514,1975,180930.3947909527
515,1976,180930.3947909527
516,1977,180930.3947909527
517,1978,180930.3947909527
518,1979,180930.3947909527
519,1980,180930.3947909527
520,1981,180930.3947909527
521,1982,180930.3947909527
522,1983,180930.3947909527
523,1984,180930.3947909527
524,1985,180930.3947909527
525,1986,180930.3947909527
526,1987,180930.3947909527
527,1988,180930.3947909527
528,1989,180930.3947909527
529,1990,180930.3947909527
530,1991,180930.3947909527
531,1992,180930.3947909527
532,1993,180930.3947909527
533,1994,180930.3947909527
534,1995,180930.3947909527
535,1996,180930.3947909527
536,1997,180930.3947909527
537,1998,180930.3947909527
538,1999,180930.3947909527
539,2000,180930.3947909527
540,2001,180930.3947909527
541,2002,180930.3947909527
542,2003,180930.3947909527
543,2004,180930.3947909527
544,2005,180930.3947909527
545,2006,180930.3947909527
546,2007,180930.3947909527
547,2008,180930.3947909527
548,2009,180930.3947909527
549,2010,180930.3947909527
550,2011,180930.3947909527
551,2012,180930.3947909527
552,2013,180930.3947909527
553,2014,180930.3947909527
554,2015,180930.3947909527
555,2016,180930.3947909527
556,2017,180930.3947909527
557,2018,180930.3947909527
558,2019,180930.3947909527
559,2020,180930.3947909527
560,2021,180930.3947909527
561,2022,180930.3947909527
562,2023,180930.3947909527
563,2024,180930.3947909527
564,2025,180930.3947909527
565,2026,180930.3947909527
566,2027,180930.3947909527
567,2028,180930.3947909527
568,2029,180930.3947909527
569,2030,180930.3947909527
570,2031,180930.3947909527
571,2032,180930.3947909527
572,2033,180930.3947909527
573,2034,180930.3947909527
574,2035,180930.3947909527
575,2036,180930.3947909527
576,2037,180930.3947909527
577,2038,180930.3947909527
578,2039,180930.3947909527
579,2040,180930.3947909527
580,2041,180930.3947909527
581,2042,180930.3947909527
582,2043,180930.3947909527
583,2044,180930.3947909527
584,2045,180930.3947909527
585,2046,180930.3947909527
586,2047,180930.3947909527
587,2048,180930.3947909527
588,2049,180930.3947909527
589,2050,180930.3947909527
590,2051,180930.3947909527
591,2052,180930.3947909527
592,2053,180930.3947909527
593,2054,180930.3947909527
594,2055,180930.3947909527
595,2056,180930.3947909527
596,2057,180930.3947909527
597,2058,180930.3947909527
598,2059,180930.3947909527
599,2060,180930.3947909527
600,2061,180930.3947909527
601,2062,180930.3947909527
602,2063,180930.3947909527
603,2064,180930.3947909527
604,2065,180930.3947909527
605,2066,180930.3947909527
606,2067,180930.3947909527
607,2068,180930.3947909527
608,2069,180930.3947909527
609,2070,180930.3947909527
610,2071,180930.3947909527
611,2072,180930.3947909527
612,2073,180930.3947909527
613,2074,180930.3947909527
614,2075,180930.3947909527
615,2076,180930.3947909527
616,2077,180930.3947909527
617,2078,180930.3947909527
618,2079,180930.3947909527
619,2080,180930.3947909527
620,2081,180930.3947909527
621,2082,180930.3947909527
622,2083,180930.3947909527
623,2084,180930.3947909527
624,2085,180930.3947909527
625,2086,180930.3947909527
626,2087,180930.3947909527
627,2088,180930.3947909527
628,2089,180930.3947909527
629,2090,180930.3947909527
630,2091,180930.3947909527
631,2092,180930.3947909527
632,2093,180930.3947909527
633,2094,180930.3947909527
634,2095,180930.3947909527
635,2096,180930.3947909527
636,2097,180930.3947909527
637,2098,180930.3947909527
638,2099,180930.3947909527
639,2100,180930.3947909527
640,2101,180930.3947909527
641,2102,180930.3947909527
642,2103,180930.3947909527
643,2104,180930.3947909527
644,2105,180930.3947909527
645,2106,180930.3947909527
646,2107,180930.3947909527
647,2108,180930.3947909527
648,2109,180930.3947909527
649,2110,180930.3947909527
650,2111,180930.3947909527
651,2112,180930.3947909527
652,2113,180930.3947909527
653,2114,180930.3947909527
654,2115,180930.3947909527
655,2116,180930.3947909527
656,2117,180930.3947909527
657,2118,180930.3947909527
658,2119,180930.3947909527
659,2120,180930.3947909527
660,2121,180930.3947909527
661,2122,180930.3947909527
662,2123,180930.3947909527
663,2124,180930.3947909527
664,2125,180930.3947909527
665,2126,180930.3947909527
666,2127,180930.3947909527
667,2128,180930.3947909527
668,2129,180930.3947909527
669,2130,180930.3947909527
670,2131,180930.3947909527
671,2132,180930.3947909527
672,2133,180930.3947909527
673,2134,180930.3947909527
674,2135,180930.3947909527
675,2136,180930.3947909527
676,2137,180930.3947909527
677,2138,180930.3947909527
678,2139,180930.3947909527
679,2140,180930.3947909527
680,2141,180930.3947909527
681,2142,180930.3947909527
682,2143,180930.3947909527
683,2144,180930.3947909527
684,2145,180930.3947909527
685,2146,180930.3947909527
686,2147,180930.3947909527
687,2148,180930.3947909527
688,2149,180930.3947909527
689,2150,180930.3947909527
690,2151,180930.3947909527
691,2152,180930.3947909527
692,2153,180930.3947909527
693,2154,180930.3947909527
694,2155,180930.3947909527
695,2156,180930.3947909527
696,2157,180930.3947909527
697,2158,180930.3947909527
698,2159,180930.3947909527
699,2160,180930.3947909527
700,2161,180930.3947909527
701,2162,180930.3947909527
702,2163,180930.3947909527
703,2164,180930.3947909527
704,2165,180930.3947909527
705,2166,180930.3947909527
706,2167,180930.3947909527
707,2168,180930.3947909527
708,2169,180930.3947909527
709,2170,180930.3947909527
710,2171,180930.3947909527
711,2172,180930.3947909527
712,2173,180930.3947909527
713,2174,180930.3947909527
714,2175,180930.3947909527
715,2176,180930.3947909527
716,2177,180930.3947909527
717,2178,180930.3947909527
718,2179,180930.3947909527
719,2180,180930.3947909527
720,2181,180930.3947909527
721,2182,180930.3947909527
722,2183,180930.3947909527
723,2184,180930.3947909527
724,2185,180930.3947909527
725,2186,180930.3947909527
726,2187,180930.3947909527
727,2188,180930.3947909527
728,2189,180930.3947909527
729,2190,180930.3947909527
730,2191,180930.3947909527
731,2192,180930.3947909527
732,2193,180930.3947909527
733,2194,180930.3947909527
734,2195,180930.3947909527
735,2196,180930.3947909527
736,2197,180930.3947909527
737,2198,180930.3947909527
738,2199,180930.3947909527
739,2200,180930.3947909527
740,2201,180930.3947909527
741,2202,180930.3947909527
742,2203,180930.3947909527
743,2204,180930.3947909527
744,2205,180930.3947909527
745,2206,180930.3947909527
746,2207,180930.3947909527
747,2208,180930.3947909527
748,2209,180930.3947909527
749,2210,180930.3947909527
750,2211,180930.3947909527
751,2212,180930.3947909527
752,2213,180930.3947909527
753,2214,180930.3947909527
754,2215,180930.3947909527
755,2216,180930.3947909527
756,2217,180930.3947909527
757,2218,180930.3947909527
758,2219,180930.3947909527
759,2220,180930.3947909527
760,2221,180930.3947909527
761,2222,180930.3947909527
762,2223,180930.3947909527
763,2224,180930.3947909527
764,2225,180930.3947909527
765,2226,180930.3947909527
766,2227,180930.3947909527
767,2228,180930.3947909527
768,2229,180930.3947909527
769,2230,180930.3947909527
770,2231,180930.3947909527
771,2232,180930.3947909527
772,2233,180930.3947909527
773,2234,180930.3947909527
774,2235,180930.3947909527
775,2236,180930.3947909527
776,2237,180930.3947909527
777,2238,180930.3947909527
778,2239,180930.3947909527
779,2240,180930.3947909527
780,2241,180930.3947909527
781,2242,180930.3947909527
782,2243,180930.3947909527
783,2244,180930.3947909527
784,2245,180930.3947909527
785,2246,180930.3947909527
786,2247,180930.3947909527
787,2248,180930.3947909527
788,2249,180930.3947909527
789,2250,180930.3947909527
790,2251,180930.3947909527
791,2252,180930.3947909527
792,2253,180930.3947909527
793,2254,180930.3947909527
794,2255,180930.3947909527
795,2256,180930.3947909527
796,2257,180930.3947909527
797,2258,180930.3947909527
798,2259,180930.3947909527
799,2260,180930.3947909527
800,2261,180930.3947909527
801,2262,180930.3947909527
802,2263,180930.3947909527
803,2264,180930.3947909527
804,2265,180930.3947909527
805,2266,180930.3947909527
806,2267,180930.3947909527
807,2268,180930.3947909527
808,2269,180930.3947909527
809,2270,180930.3947909527
810,2271,180930.3947909527
811,2272,180930.3947909527
812,2273,180930.3947909527
813,2274,180930.3947909527
814,2275,180930.3947909527
815,2276,180930.3947909527
816,2277,180930.3947909527
817,2278,180930.3947909527
818,2279,180930.3947909527
819,2280,180930.3947909527
820,2281,180930.3947909527
821,2282,180930.3947909527
822,2283,180930.3947909527
823,2284,180930.3947909527
824,2285,180930.3947909527
825,2286,180930.3947909527
826,2287,180930.3947909527
827,2288,180930.3947909527
828,2289,180930.3947909527
829,2290,180930.3947909527
830,2291,180930.3947909527
831,2292,180930.3947909527
832,2293,180930.3947909527
833,2294,180930.3947909527
834,2295,180930.3947909527
835,2296,180930.3947909527
836,2297,180930.3947909527
837,2298,180930.3947909527
838,2299,180930.3947909527
839,2300,180930.3947909527
840,2301,180930.3947909527
841,2302,180930.3947909527
842,2303,180930.3947909527
843,2304,180930.3947909527
844,2305,180930.3947909527
845,2306,180930.3947909527
846,2307,180930.3947909527
847,2308,180930.3947909527
848,2309,180930.3947909527
849,2310,180930.3947909527
850,2311,180930.3947909527
851,2312,180930.3947909527
852,2313,180930.3947909527
853,2314,180930.3947909527
854,2315,180930.3947909527
855,2316,180930.3947909527
856,2317,180930.3947909527
857,2318,180930.3947909527
858,2319,180930.3947909527
859,2320,180930.3947909527
860,2321,180930.3947909527
861,2322,180930.3947909527
862,2323,180930.3947909527
863,2324,180930.3947909527
864,2325,180930.3947909527
865,2326,180930.3947909527
866,2327,180930.3947909527
867,2328,180930.3947909527
868,2329,180930.3947909527
869,2330,180930.3947909527
870,2331,180930.3947909527
871,2332,180930.3947909527
872,2333,180930.3947909527
873,2334,180930.3947909527
874,2335,180930.3947909527
875,2336,180930.3947909527
876,2337,180930.3947909527
877,2338,180930.3947909527
878,2339,180930.3947909527
879,2340,180930.3947909527
880,2341,180930.3947909527
881,2342,180930.3947909527
882,2343,180930.3947909527
883,2344,180930.3947909527
884,2345,180930.3947909527
885,2346,180930.3947909527
886,2347,180930.3947909527
887,2348,180930.3947909527
888,2349,180930.3947909527
889,2350,180930.3947909527
890,2351,180930.3947909527
891,2352,180930.3947909527
892,2353,180930.3947909527
893,2354,180930.3947909527
894,2355,180930.3947909527
895,2356,180930.3947909527
896,2357,180930.3947909527
897,2358,180930.3947909527
898,2359,180930.3947909527
899,2360,180930.3947909527
900,2361,180930.3947909527
901,2362,180930.3947909527
902,2363,180930.3947909527
903,2364,180930.3947909527
904,2365,180930.3947909527
905,2366,180930.3947909527
906,2367,180930.3947909527
907,2368,180930.3947909527
908,2369,180930.3947909527
909,2370,180930.3947909527
910,2371,180930.3947909527
911,2372,180930.3947909527
912,2373,180930.3947909527
913,2374,180930.3947909527
914,2375,180930.3947909527
915,2376,180930.3947909527
916,2377,180930.3947909527
917,2378,180930.3947909527
918,2379,180930.3947909527
919,2380,180930.3947909527
920,2381,180930.3947909527
921,2382,180930.3947909527
922,2383,180930.3947909527
923,2384,180930.3947909527
924,2385,180930.3947909527
925,2386,180930.3947909527
926,2387,180930.3947909527
927,2388,180930.3947909527
928,2389,180930.3947909527
929,2390,180930.3947909527
930,2391,180930.3947909527
931,2392,180930.3947909527
932,2393,180930.3947909527
933,2394,180930.3947909527
934,2395,180930.3947909527
935,2396,180930.3947909527
936,2397,180930.3947909527
937,2398,180930.3947909527
938,2399,180930.3947909527
939,2400,180930.3947909527
940,2401,180930.3947909527
941,2402,180930.3947909527
942,2403,180930.3947909527
943,2404,180930.3947909527
944,2405,180930.3947909527
945,2406,180930.3947909527
946,2407,180930.3947909527
947,2408,180930.3947909527
948,2409,180930.3947909527
949,2410,180930.3947909527
950,2411,180930.3947909527
951,2412,180930.3947909527
952,2413,180930.3947909527
953,2414,180930.3947909527
954,2415,180930.3947909527
955,2416,180930.3947909527
956,2417,180930.3947909527
957,2418,180930.3947909527
958,2419,180930.3947909527
959,2420,180930.3947909527
960,2421,180930.3947909527
961,2422,180930.3947909527
962,2423,180930.3947909527
963,2424,180930.3947909527
964,2425,180930.3947909527
965,2426,180930.3947909527
966,2427,180930.3947909527
967,2428,180930.3947909527
968,2429,180930.3947909527
969,2430,180930.3947909527
970,2431,180930.3947909527
971,2432,180930.3947909527
972,2433,180930.3947909527
973,2434,180930.3947909527
974,2435,180930.3947909527
975,2436,180930.3947909527
976,2437,180930.3947909527
977,2438,180930.3947909527
978,2439,180930.3947909527
979,2440,180930.3947909527
980,2441,180930.3947909527
981,2442,180930.3947909527
982,2443,180930.3947909527
983,2444,180930.3947909527
984,2445,180930.3947909527
985,2446,180930.3947909527
986,2447,180930.3947909527
987,2448,180930.3947909527
988,2449,180930.3947909527
989,2450,180930.3947909527
990,2451,180930.3947909527
991,2452,180930.3947909527
992,2453,180930.3947909527
993,2454,180930.3947909527
994,2455,180930.3947909527
995,2456,180930.3947909527
996,2457,180930.3947909527
997,2458,180930.3947909527
998,2459,180930.3947909527
999,2460,180930.3947909527
1000,2461,180930.3947909527
1001,2462,180930.3947909527
1002,2463,180930.3947909527
1003,2464,180930.3947909527
1004,2465,180930.3947909527
1005,2466,180930.3947909527
1006,2467,180930.3947909527
1007,2468,180930.3947909527
1008,2469,180930.3947909527
1009,2470,180930.3947909527
1010,2471,180930.3947909527
1011,2472,180930.3947909527
1012,2473,180930.3947909527
1013,2474,180930.3947909527
1014,2475,180930.3947909527
1015,2476,180930.3947909527
1016,2477,180930.3947909527
1017,2478,180930.3947909527
1018,2479,180930.3947909527
1019,2480,180930.3947909527
1020,2481,180930.3947909527
1021,2482,180930.3947909527
1022,2483,180930.3947909527
1023,2484,180930.3947909527
1024,2485,180930.3947909527
1025,2486,180930.3947909527
1026,2487,180930.3947909527
1027,2488,180930.3947909527
1028,2489,180930.3947909527
1029,2490,180930.3947909527
1030,2491,180930.3947909527
1031,2492,180930.3947909527
1032,2493,180930.3947909527
1033,2494,180930.3947909527
1034,2495,180930.3947909527
1035,2496,180930.3947909527
1036,2497,180930.3947909527
1037,2498,180930.3947909527
1038,2499,180930.3947909527
1039,2500,180930.3947909527
1040,2501,180930.3947909527
1041,2502,180930.3947909527
1042,2503,180930.3947909527
1043,2504,180930.3947909527
1044,2505,180930.3947909527
1045,2506,180930.3947909527
1046,2507,180930.3947909527
1047,2508,180930.3947909527
1048,2509,180930.3947909527
1049,2510,180930.3947909527
1050,2511,180930.3947909527
1051,2512,180930.3947909527
1052,2513,180930.3947909527
1053,2514,180930.3947909527
1054,2515,180930.3947909527
1055,2516,180930.3947909527
1056,2517,180930.3947909527
1057,2518,180930.3947909527
1058,2519,180930.3947909527
1059,2520,180930.3947909527
1060,2521,180930.3947909527
1061,2522,180930.3947909527
1062,2523,180930.3947909527
1063,2524,180930.3947909527
1064,2525,180930.3947909527
1065,2526,180930.3947909527
1066,2527,180930.3947909527
1067,2528,180930.3947909527
1068,2529,180930.3947909527
1069,2530,180930.3947909527
1070,2531,180930.3947909527
1071,2532,180930.3947909527
1072,2533,180930.3947909527
1073,2534,180930.3947909527
1074,2535,180930.3947909527
1075,2536,180930.3947909527
1076,2537,180930.3947909527
1077,2538,180930.3947909527
1078,2539,180930.3947909527
1079,2540,180930.3947909527
1080,2541,180930.3947909527
1081,2542,180930.3947909527
1082,2543,180930.3947909527
1083,2544,180930.3947909527
1084,2545,180930.3947909527
1085,2546,180930.3947909527
1086,2547,180930.3947909527
1087,2548,180930.3947909527
1088,2549,180930.3947909527
1089,2550,180930.3947909527
1090,2551,180930.3947909527
1091,2552,180930.3947909527
1092,2553,180930.3947909527
1093,2554,180930.3947909527
1094,2555,180930.3947909527
1095,2556,180930.3947909527
1096,2557,180930.3947909527
1097,2558,180930.3947909527
1098,2559,180930.3947909527
1099,2560,180930.3947909527
1100,2561,180930.3947909527
1101,2562,180930.3947909527
1102,2563,180930.3947909527
1103,2564,180930.3947909527
1104,2565,180930.3947909527
1105,2566,180930.3947909527
1106,2567,180930.3947909527
1107,2568,180930.3947909527
1108,2569,180930.3947909527
1109,2570,180930.3947909527
1110,2571,180930.3947909527
1111,2572,180930.3947909527
1112,2573,180930.3947909527
1113,2574,180930.3947909527
1114,2575,180930.3947909527
1115,2576,180930.3947909527
1116,2577,180930.3947909527
1117,2578,180930.3947909527
1118,2579,180930.3947909527
1119,2580,180930.3947909527
1120,2581,180930.3947909527
1121,2582,180930.3947909527
1122,2583,180930.3947909527
1123,2584,180930.3947909527
1124,2585,180930.3947909527
1125,2586,180930.3947909527
1126,2587,180930.3947909527
1127,2588,180930.3947909527
1128,2589,180930.3947909527
1129,2590,180930.3947909527
1130,2591,180930.3947909527
1131,2592,180930.3947909527
1132,2593,180930.3947909527
1133,2594,180930.3947909527
1134,2595,180930.3947909527
1135,2596,180930.3947909527
1136,2597,180930.3947909527
1137,2598,180930.3947909527
1138,2599,180930.3947909527
1139,2600,180930.3947909527
1140,2601,180930.3947909527
1141,2602,180930.3947909527
1142,2603,180930.3947909527
1143,2604,180930.3947909527
1144,2605,180930.3947909527
1145,2606,180930.3947909527
1146,2607,180930.3947909527
1147,2608,180930.3947909527
1148,2609,180930.3947909527
1149,2610,180930.3947909527
1150,2611,180930.3947909527
1151,2612,180930.3947909527
1152,2613,180930.3947909527
1153,2614,180930.3947909527
1154,2615,180930.3947909527
1155,2616,180930.3947909527
1156,2617,180930.3947909527
1157,2618,180930.3947909527
1158,2619,180930.3947909527
1159,2620,180930.3947909527
1160,2621,180930.3947909527
1161,2622,180930.3947909527
1162,2623,180930.3947909527
1163,2624,180930.3947909527
1164,2625,180930.3947909527
1165,2626,180930.3947909527
1166,2627,180930.3947909527
1167,2628,180930.3947909527
1168,2629,180930.3947909527
1169,2630,180930.3947909527
1170,2631,180930.3947909527
1171,2632,180930.3947909527
1172,2633,180930.3947909527
1173,2634,180930.3947909527
1174,2635,180930.3947909527
1175,2636,180930.3947909527
1176,2637,180930.3947909527
1177,2638,180930.3947909527
1178,2639,180930.3947909527
1179,2640,180930.3947909527
1180,2641,180930.3947909527
1181,2642,180930.3947909527
1182,2643,180930.3947909527
1183,2644,180930.3947909527
1184,2645,180930.3947909527
1185,2646,180930.3947909527
1186,2647,180930.3947909527
1187,2648,180930.3947909527
1188,2649,180930.3947909527
1189,2650,180930.3947909527
1190,2651,180930.3947909527
1191,2652,180930.3947909527
1192,2653,180930.3947909527
1193,2654,180930.3947909527
1194,2655,180930.3947909527
1195,2656,180930.3947909527
1196,2657,180930.3947909527
1197,2658,180930.3947909527
1198,2659,180930.3947909527
1199,2660,180930.3947909527
1200,2661,180930.3947909527
1201,2662,180930.3947909527
1202,2663,180930.3947909527
1203,2664,180930.3947909527
1204,2665,180930.3947909527
1205,2666,180930.3947909527
1206,2667,180930.3947909527
1207,2668,180930.3947909527
1208,2669,180930.3947909527
1209,2670,180930.3947909527
1210,2671,180930.3947909527
1211,2672,180930.3947909527
1212,2673,180930.3947909527
1213,2674,180930.3947909527
1214,2675,180930.3947909527
1215,2676,180930.3947909527
1216,2677,180930.3947909527
1217,2678,180930.3947909527
1218,2679,180930.3947909527
1219,2680,180930.3947909527
1220,2681,180930.3947909527
1221,2682,180930.3947909527
1222,2683,180930.3947909527
1223,2684,180930.3947909527
1224,2685,180930.3947909527
1225,2686,180930.3947909527
1226,2687,180930.3947909527
1227,2688,180930.3947909527
1228,2689,180930.3947909527
1229,2690,180930.3947909527
1230,2691,180930.3947909527
1231,2692,180930.3947909527
1232,2693,180930.3947909527
1233,2694,180930.3947909527
1234,2695,180930.3947909527
1235,2696,180930.3947909527
1236,2697,180930.3947909527
1237,2698,180930.3947909527
1238,2699,180930.3947909527
1239,2700,180930.3947909527
1240,2701,180930.3947909527
1241,2702,180930.3947909527
1242,2703,180930.3947909527
1243,2704,180930.3947909527
1244,2705,180930.3947909527
1245,2706,180930.3947909527
1246,2707,180930.3947909527
1247,2708,180930.3947909527
1248,2709,180930.3947909527
1249,2710,180930.3947909527
1250,2711,180930.3947909527
1251,2712,180930.3947909527
1252,2713,180930.3947909527
1253,2714,180930.3947909527
1254,2715,180930.3947909527
1255,2716,180930.3947909527
1256,2717,180930.3947909527
1257,2718,180930.3947909527
1258,2719,180930.3947909527
1259,2720,180930.3947909527
1260,2721,180930.3947909527
1261,2722,180930.3947909527
1262,2723,180930.3947909527
1263,2724,180930.3947909527
1264,2725,180930.3947909527
1265,2726,180930.3947909527
1266,2727,180930.3947909527
1267,2728,180930.3947909527
1268,2729,180930.3947909527
1269,2730,180930.3947909527
1270,2731,180930.3947909527
1271,2732,180930.3947909527
1272,2733,180930.3947909527
1273,2734,180930.3947909527
1274,2735,180930.3947909527
1275,2736,180930.3947909527
1276,2737,180930.3947909527
1277,2738,180930.3947909527
1278,2739,180930.3947909527
1279,2740,180930.3947909527
1280,2741,180930.3947909527
1281,2742,180930.3947909527
1282,2743,180930.3947909527
1283,2744,180930.3947909527
1284,2745,180930.3947909527
1285,2746,180930.3947909527
1286,2747,180930.3947909527
1287,2748,180930.3947909527
1288,2749,180930.3947909527
1289,2750,180930.3947909527
1290,2751,180930.3947909527
1291,2752,180930.3947909527
1292,2753,180930.3947909527
1293,2754,180930.3947909527
1294,2755,180930.3947909527
1295,2756,180930.3947909527
1296,2757,180930.3947909527
1297,2758,180930.3947909527
1298,2759,180930.3947909527
1299,2760,180930.3947909527
1300,2761,180930.3947909527
1301,2762,180930.3947909527
1302,2763,180930.3947909527
1303,2764,180930.3947909527
1304,2765,180930.3947909527
1305,2766,180930.3947909527
1306,2767,180930.3947909527
1307,2768,180930.3947909527
1308,2769,180930.3947909527
1309,2770,180930.3947909527
1310,2771,180930.3947909527
1311,2772,180930.3947909527
1312,2773,180930.3947909527
1313,2774,180930.3947909527
1314,2775,180930.3947909527
1315,2776,180930.3947909527
1316,2777,180930.3947909527
1317,2778,180930.3947909527
1318,2779,180930.3947909527
1319,2780,180930.3947909527
1320,2781,180930.3947909527
1321,2782,180930.3947909527
1322,2783,180930.3947909527
1323,2784,180930.3947909527
1324,2785,180930.3947909527
1325,2786,180930.3947909527
1326,2787,180930.3947909527
1327,2788,180930.3947909527
1328,2789,180930.3947909527
1329,2790,180930.3947909527
1330,2791,180930.3947909527
1331,2792,180930.3947909527
1332,2793,180930.3947909527
1333,2794,180930.3947909527
1334,2795,180930.3947909527
1335,2796,180930.3947909527
1336,2797,180930.3947909527
1337,2798,180930.3947909527
1338,2799,180930.3947909527
1339,2800,180930.3947909527
1340,2801,180930.3947909527
1341,2802,180930.3947909527
1342,2803,180930.3947909527
1343,2804,180930.3947909527
1344,2805,180930.3947909527
1345,2806,180930.3947909527
1346,2807,180930.3947909527
1347,2808,180930.3947909527
1348,2809,180930.3947909527
1349,2810,180930.3947909527
1350,2811,180930.3947909527
1351,2812,180930.3947909527
1352,2813,180930.3947909527
1353,2814,180930.3947909527
1354,2815,180930.3947909527
1355,2816,180930.3947909527
1356,2817,180930.3947909527
1357,2818,180930.3947909527
1358,2819,180930.3947909527
1359,2820,180930.3947909527
1360,2821,180930.3947909527
1361,2822,180930.3947909527
1362,2823,180930.3947909527
1363,2824,180930.3947909527
1364,2825,180930.3947909527
1365,2826,180930.3947909527
1366,2827,180930.3947909527
1367,2828,180930.3947909527
1368,2829,180930.3947909527
1369,2830,180930.3947909527
1370,2831,180930.3947909527
1371,2832,180930.3947909527
1372,2833,180930.3947909527
1373,2834,180930.3947909527
1374,2835,180930.3947909527
1375,2836,180930.3947909527
1376,2837,180930.3947909527
1377,2838,180930.3947909527
1378,2839,180930.3947909527
1379,2840,180930.3947909527
1380,2841,180930.3947909527
1381,2842,180930.3947909527
1382,2843,180930.3947909527
1383,2844,180930.3947909527
1384,2845,180930.3947909527
1385,2846,180930.3947909527
1386,2847,180930.3947909527
1387,2848,180930.3947909527
1388,2849,180930.3947909527
1389,2850,180930.3947909527
1390,2851,180930.3947909527
1391,2852,180930.3947909527
1392,2853,180930.3947909527
1393,2854,180930.3947909527
1394,2855,180930.3947909527
1395,2856,180930.3947909527
1396,2857,180930.3947909527
1397,2858,180930.3947909527
1398,2859,180930.3947909527
1399,2860,180930.3947909527
1400,2861,180930.3947909527
1401,2862,180930.3947909527
1402,2863,180930.3947909527
1403,2864,180930.3947909527
1404,2865,180930.3947909527
1405,2866,180930.3947909527
1406,2867,180930.3947909527
1407,2868,180930.3947909527
1408,2869,180930.3947909527
1409,2870,180930.3947909527
1410,2871,180930.3947909527
1411,2872,180930.3947909527
1412,2873,180930.3947909527
1413,2874,180930.3947909527
1414,2875,180930.3947909527
1415,2876,180930.3947909527
1416,2877,180930.3947909527
1417,2878,180930.3947909527
1418,2879,180930.3947909527
1419,2880,180930.3947909527
1420,2881,180930.3947909527
1421,2882,180930.3947909527
1422,2883,180930.3947909527
1423,2884,180930.3947909527
1424,2885,180930.3947909527
1425,2886,180930.3947909527
1426,2887,180930.3947909527
1427,2888,180930.3947909527
1428,2889,180930.3947909527
1429,2890,180930.3947909527
1430,2891,180930.3947909527
1431,2892,180930.3947909527
1432,2893,180930.3947909527
1433,2894,180930.3947909527
1434,2895,180930.3947909527
1435,2896,180930.3947909527
1436,2897,180930.3947909527
1437,2898,180930.3947909527
1438,2899,180930.3947909527
1439,2900,180930.3947909527
1440,2901,180930.3947909527
1441,2902,180930.3947909527
1442,2903,180930.3947909527
1443,2904,180930.3947909527
1444,2905,180930.3947909527
1445,2906,180930.3947909527
1446,2907,180930.3947909527
1447,2908,180930.3947909527
1448,2909,180930.3947909527
1449,2910,180930.3947909527
1450,2911,180930.3947909527
1451,2912,180930.3947909527
1452,2913,180930.3947909527
1453,2914,180930.3947909527
1454,2915,180930.3947909527
1455,2916,180930.3947909527
1456,2917,180930.3947909527
1457,2918,180930.3947909527
1458,2919,180930.3947909527
